{
  "publicaciones": [
    {
      "id": "23c2",
      "idPublicacion": 82320,
      "nombrePublicacion": "Apoyo navidad Nov-Dic 2024",
      "codigo": "TUKI4323648",
      "fecha": "2024-11-29T01:31:00",
      "hora": "2024-11-16T10:30:00",
      "monto": 30000,
      "descripcion": "Buscamos al mejor equipo para esta temporada navideña, no te quedes atras!!!"
    },
    {
      "id": "ae7c",
      "idPublicacion": 465966,
      "nombrePublicacion": "Apoyo navidad Nov-Dic 2024",
      "codigo": "TUKI4323648",
      "fecha": "2024-11-29T01:31:00",
      "hora": "2024-11-16T10:30:00",
      "monto": 30000,
      "descripcion": "Buscamos al mejor equipo para esta temporada navideña, no te quedes atras!!!"
    },
    {
      "id": "e9fb",
      "idPublicacion": 97758,
      "nombrePublicacion": "Apoyo navidad Nov-Dic 2024",
      "codigo": "TUKI4323648",
      "fecha": "2024-11-29T01:31:00",
      "hora": "2024-11-16T10:30:00",
      "monto": 30000,
      "descripcion": "Buscamos al mejor equipo para esta temporada navideña, no te quedes atras!!!"
    },
    {
      "id": "ed89",
      "nombrePublicacion": "hola mundo",
      "codigo": "TUKI6570142",
      "fecha": "2024-11-27T21:26:00",
      "hora": "2024-11-16T09:45:00",
      "monto": 23500,
      "descripcion": "hola mundo!!!!!",
      "fechaCreacion": "16/11/2024, 9:27:15 p.m."
    },
    {
      "id": "987b",
      "nombrePublicacion": "hola11233",
      "codigo": "TUKI9200302",
      "fecha": "2024-11-30T02:50:00",
      "hora": "2024-11-21T14:00:00",
      "monto": 34455,
      "descripcion": "buienas",
      "fechaCreacion": "21/11/2024, 2:51:08 a.m."
    }
  ],
  "usuarios": [
    {
      "id": "d71c",
      "username": "Jabiera",
      "email": "javi@duocuc.cl",
      "rut": "19.379.119-0",
      "password": "duoc1234",
      "isactive": true
    },
    {
      "id": "d3a5",
      "username": "Jabierassssdsdsds",
      "email": "jajasdasdaa@duoc.cl",
      "rut": "19.919.191-9",
      "password": "duoc1234",
      "isactive": true
    },
    {
      "id": "b312",
      "username": "wenaswenas",
      "email": "jsadj@jdsj.cl",
      "rut": "81.818.181-8",
      "password": "duoc1234",
      "isactive": true
    },
    {
      "id": "db42",
      "username": "Jabierassssssssd",
      "email": "asdasdaasd@ddd.cl",
      "rut": "13.123.131-2",
      "password": "duoc1234",
      "isactive": true
    },
    {
      "id": "3d08",
      "username": "Jabieravidales",
      "email": "jaj@jsdj.cl",
      "rut": "18.181.818-8",
      "password": "duoc1234",
      "isactive": true
    },
    {
      "id": "0918",
      "username": "Javieradenisevidalgonzalez",
      "email": "javieraaa@lol.cl",
      "rut": "19.379.119-8",
      "password": "duoc1234",
      "isactive": true
    },
    {
      "id": "cbb6",
      "username": "jabyera",
      "email": "jasd@dkdkkd.cl",
      "rut": "01.919.199-1",
      "password": "duoc1234",
      "isactive": true
    },
    {
      "id": "31d7",
      "username": "pepetrueno",
      "email": "pepe@trueno.cl",
      "rut": "11.234.567-8",
      "password": "1234567a",
      "isactive": true
    },
    {
      "id": "ccba",
      "username": "ravioles",
      "email": "ravi@oles.cl",
      "rut": "18.739.373-6",
      "password": "1234567a",
      "isactive": true
    },
    {
      "id": "6693",
      "username": "Testocorreo",
      "email": "correo@dominio.cl",
      "rut": "11.222.333-5",
      "password": "1234567a",
      "isactive": true
    }
  ],
  "pagos": [],
  "postulaciones": []
}